{
  "variant": "ridge",
  "threshold": 0.35000000000000003,
  "accuracy": 0.7,
  "balanced_accuracy": 0.4375,
  "f1": 0.0,
  "mse": 0.14743091679030623,
  "r2": 0.07855677006058648
}