{
  "variant": "ridge",
  "threshold": 0.35000000000000003,
  "balanced_accuracy_on_train": 0.9166666666666667
}