{
  "selected_variant": "ridge",
  "train_balanced_accuracy": 0.9166666666666667,
  "final_threshold": 0.35000000000000003,
  "cv_results": {
    "ols": {
      "cv_balanced_accuracy_mean": 0.6833333333333333,
      "cv_balanced_accuracy_std": 0.12247448713915894
    },
    "ridge": {
      "cv_balanced_accuracy_mean": 0.85,
      "cv_balanced_accuracy_std": 0.13333333333333336
    },
    "lasso": {
      "cv_balanced_accuracy_mean": 0.85,
      "cv_balanced_accuracy_std": 0.13333333333333336
    },
    "elasticnet": {
      "cv_balanced_accuracy_mean": 0.85,
      "cv_balanced_accuracy_std": 0.13333333333333336
    }
  }
}