feature,VIF
pct_hispanic,5668.174145681525
pct_white,4984.380992405937
pct_black,1694.8070488133
pct_asian,325.1201203512345
schwartzberg,123.91322422920388
polsby_popper,96.48663617534203
majority_race_pct_hispanic,4.685010708890586
convex_hull_ratio,4.598658011830007
majority_race_pct_white,2.2611168160080024
reock,2.0320251315745574
