{
  "variant": "full",
  "k": 5,
  "n_samples": 38,
  "n_features": 10,
  "inertia": 128.5997232347947,
  "silhouette": 0.2787602678607726,
  "calinski_harabasz": 16.127968483463853,
  "davies_bouldin": 0.8442927424236396,
  "sizes": {
    "0": 14,
    "1": 8,
    "2": 13,
    "3": 2,
    "4": 1
  }
}