{
  "variant": "norace",
  "k": 10,
  "n_samples": 38,
  "n_features": 6,
  "inertia": 25.54436096204571,
  "silhouette": 0.36929174706501755,
  "calinski_harabasz": 24.657574681705317,
  "davies_bouldin": 0.7286036764458146,
  "sizes": {
    "0": 7,
    "1": 9,
    "2": 2,
    "3": 2,
    "4": 2,
    "5": 5,
    "6": 2,
    "7": 1,
    "8": 2,
    "9": 6
  }
}