{
  "variant": "norace",
  "k": 3,
  "n_samples": 38,
  "n_features": 6,
  "inertia": 67.94973320776575,
  "silhouette": 0.4175162643399957,
  "calinski_harabasz": 41.219877351100415,
  "davies_bouldin": 0.5931241236556891,
  "sizes": {
    "0": 17,
    "1": 20,
    "2": 1
  }
}